path,label,text
audios/huấn hoa hồng chửi nhân viên viettel.mp3,1,anh nói để mẹ mày biết ta đi rút có mấy trăm triệu bạc và chúng mày hành hạ từ cả buổi chiều giờ ta còn phải đi làm đi mẹ đi rút suốt từ buổi chiều chuyện cước đất cả cái việc theo phủ cặn có mấy trăm triệu không có lần đi đi phụ tiện hay quỵ nguồn nì mẹ bắt tôi chờ năm phút năm phút bây giờ mẹ chờ mấy tiếng rồi bọn em muốn sáng nhất đúng không bọn em phá muốn sáng nhất facebook đúng không được rồi thì mẹ rút cho bốn trăm triệu vắt tên rút lên mấy chỗ xong này anh không cảm thấy anh không báo trước không báo trước anh cho anh biết ở đâu báo trước anh gửi tiền trên kia về thì nó bảo là ra đây mà lấy ra đây đấy ví dụ anh hà sau anh lưu ý ví dụ anh gửi ở đâu anh bạ anh báo họ ở đấy là có sơ tiếp xuống đây đấy cả cái biệt thự cao tướng nhưng mấy trăm triệu không có thì làm ăn cái gì thì việc là anh chuẩn bị trước trong khoảng ba phút sau hoặc một tiếng sau anh ra có tiền luôn thì phải tiện lợi bây giờ rút đi hai trên để chuyển bên kianh ga hayạ nhiều tiền quá nhiều tiền quá nên em dành đi gom cho anh anh có bao nhiêu việc cả buổi chiều ông ấy lại bắt anh ở đây chờ em ý anh hiểu thôi cứ về bùi cảm thế này đủ tiền rồi chờ tí về bán cho anh số này của anh chưa thành chứ chủ.
audios/Liên hoàn chửi của Độ Mixi.mp3,1,mèo ngất đẩy ra bờ sấy xe chưa bao giờ nằm xuống cả mèo ngất đã nằm xuống địt mẹ sấy xe của mèo ngất khiến cho chúng  lồn vậy thôi thế giờ phải vào bằng tay à mẹ sợ nếu cho vào ấy à đấy nó cho vào luôn tâm lý như vậy là chúng ta sẽ trở lại với trận đấu đang rất hấp dẫn và không biết là số phận của dịp còn mẽ mày rồi như vậy là chúng ta sẽ trở lại với trận đấu và không biết được là dịp mẽ mày sao vậy nhở đéo hiểu nổi ok rồi chúng ta sẽ trở lại với trận đấu và không biết là bây giờ số phận của tiện đỉnh cầm mẹ mày.
audios/Độ mixi chửi bậy trong 1 phút.mp3,1,đi tại n định địa địẹ vãi lồn địt con mẹ vãi lồn dịt con mẹ vãi lồn dịt con mẹ vãi lồn dịt con mẹ vãi lồn dịt con mẹ vãi lồn dịt con mẹ vãi lồn dịt con mẹ vãi lồn dịt con mẹ vãi lồn dịt con mẹ vãi lồn dịt con mẹ vãi lồn dịt con mẹ vãi lồn dịt con mẹ vãi lồn dịt con mẹ vãi lồn dịt con mẹ vãi lồn dịt con mẹ vãi lồn dịt con mẹ vãi lồn dịt con mẹ vãi lồn dịt con mẹ vãi lồn dịt con mẹ vãi lồn dịt con mẹ vãi lồn dịt con mẹ vãi lồn dịt con mẹ vãi lồn dịt con mẹ vãi lồn dịt con mẹ vãi lồn dịt con mẹ vãi lồn dịt con mẹ vãi lồn dịt con mẹ vãi lồn dịt con mẹ vãi lồn dịt con mẹ vãi lồn dịt con mẹ vãi lồn dịt con mẹ vãi lồn dịt con mẹ vãi lồn dịt con mẹn đít mạ đi vạ đi vẹ vãi lồn địt con mẹ vãi lồn địt mẹ phải lồn dịt con mẹ phải lồn dịt con mẹ phải lồn vãi lồn vãi lồn dịt con mẹ phải lồn dịt con mẹ phải lồ em vãi nồn nịt mẹ em vãi nồn nịt mẹ em vãi nồn nịt mẹ em vãi nồn nịt mẹ em vãi nồn nịt mẹ em vãi nồn nịt mẹ em vãi nồn nịt mẹ em vãi nồn nịt mẹ em vãi nồn nịt mẹ em vãi nồn nịt mẹ em vãi nồn nịt mẹ em vãi nồn nịt mẹ em vãi nồn nịt mẹ em vãi nồn nịt mẹ em vãi nồn nịt mẹ em vãi nồn nịt mẹ em vãi nồn nịt mẹ em vãi nồn nịt mẹ em vãi nồn nịt mẹ em vãi nồn nịt mẹ em vãi nồn nịt mẹ em vãi nồn nịt mẹ em vãi nồn nịt mẹ em vãi nồn nịt mẹ em vãi nồn nịt mẹ em vãi nồn nịt mẹ em vãi nồn nịt mẹ em vãi nồn nịt mẹ em vãi nồn nịt mẹ em vãi nồn nịt mẹ em vãi nồn nịt mẹ em vãi nồn nịt mẹ em vãi nồn nịt mẹ em vãi nồn nịt mẹ em vãi nồn nịt mẹ em vãi n
audios/Sena dạy thầy Ba chửi giọng bắc.mp3,1,giống như hẳn kêu senai chữ đụ má gờm thì đụ má gờm nói thử coi đụ má còn lại là điệp mạ bình ngồi bắt lại điệp mạ mà điệp mạ mà điệp mạ có nhiều  mẹ đi là sao.nói làm bạn lên đi cả dòng họ nha mày nha đi cả loa nha mày đi đi cái lồng to ở nhà mày đi cái lồng tóc của nhà mày đi lồng trâu lồng chó lồng bó xi măng nha thế bạn làm nào nha thế vâng em.
audios/Toàn là nụ cườisao chúng mày không nghĩ đến dzú đítđt nhausẽđồi truỵ trong mùa đông giá rét này.mp3,1,cái đầu óc của chúng nó cũng rất là vằn một nụ cười một cái ôm một cái cầm tay hãy lẽo lẽo chỉ nghĩ đến một thế giới văn minh chúng lại không nghĩ đến vú đít đít nhau sách đồi trụy trong mùa đông giá giá này thế có phải tuyệt vời hơn đâu hãy lẽo lẽo chỉ nghĩ đến nụ cười chúng lại không đít nhau chúng lại có chịu đâu.
audios/Anh Núi tát vợ  )).mp3,1,ối dạ cái nghề bán cháo phổi ấy mà làm gì mà điệu chảy nước ra thế nói năng kiểu gì đấy buồn mồm thì nói chơi sợ đách gì nói như thế là không được đâu không thì anh làm gì thách nè làng nước ơi thằng chó nó rủ tôi về đây để nó giết tôi làng nước ơi tôi thì tao giết tao muốn mày làm người mày lại giở trứng thành con chó cái tao cho mày biết đấy ôi em xin hánh em không dám như thế nữa em xin hánh ngoan thì tao để bạn thở tao thở mà năng loàn thì tao cho ra bã nghe chưa chúng mày cướp trắng cơ nghiệp của người ta đấy hả bình tĩnh đi anh em tính sổ với con đĩ thế này còn rể từ cái bông chó má của mày thì ra mày vẫn còn to tử con đi kìa mày mày vục mặt vào nó mày mày tiền sử còn khốn kiếp mày nói cái gì đấy tao nói cái mặt chó má của mày ý tao vừa đi được mấy tháng thì mày đã dứt đi về nhà tao biết mà tao vừa mày nói ướm thế thì mày đã tớn lên cha tiên sử cái tao mày có cầm mẹ cái mồm mày đi không tao đáng cầm đây tao đánh vỡ mồ mày ra rồi tao thay cả cái cậu tổ mày đây thay mày.này chật ơi ai ai ai ai ai ai ai ai ai ai ai ai ai ai ai........................................................ơi ôi bà con ơi bà con cứu vợ em ơi vợ em tui chết rồi ôi bà ơi ôi chời ơi vợ em trộm chồng rồi chị ơi ôi anh ơi cứu vợ em ơi.
audios/Huy đa cấu chửi Dũng Trọc và tất cả ae xã hội trong phim chạm mặt giang hồ.mp3,1,xin chào nhá chào tất cả cộng đồng mạng nhá và chào hai ông anh tôi bác linh ạ và mạo muội xin phép hai ông anh để em chửi mấy thằng xã hội giở nàyạ vợ anh xin trước mắt xin mạo ngụa xin hai ông anh này và các anh của hai anh hai ông hai ông anh ở bắc ninh này em là người bắc ninh em gốc bắc ninh và hai ông anh và tất cả các anh của em nếu mà anh nào là anh của em ở các tỉnh thông cảm cho em để em chửi nịt con mẹ mè mấy con chó nịt mẹ mè xã hội màu xã hội thâm nịt m mẹ mày đầu gấu đại bàng toàn chửi nhau qua mạng đêm đít mẹ mình uất tật mất ngủ đít cái con mẹ nhưng mà cứ lai chim nó chửi nhau toàn môi ăn mõm ăn môi mấy con gấu nhồi bông này thích thì đến tận nhà à chúng mày cũng không phải địt mạnh á nhưng mày làm thể hiện chúng mày là ngôi sao bố mày là sao đây này địt mạnh á chúng mày cứ môi ăn mõm mt ăn mồi nhé bố mày là huy đã cấu này bắc linh chợ nhớn bắc linh đấy số điện thoại nhé không chín bảy chín sáu ba sáu hai hai sáu địt mẹ a mày thằng lào nhé có nhu cầu gặp tao bất kể loại nào nè giang hồ giang hé nè địn mẹ a mày đối đầu giang hồ hay chạm mặt với vần địn mẹ a mày như mày toàn môi mõm ngốm lói mày biết thế nhé mày về nếu nghe chớm thì mạnh áo đất bắc ninh nghe anh em bố mày chán hơn cứt đổ đi nghe chưa mấy con gấu nhồi bông này bố nói các con vợ này mới chửi nhau ít thôi đẳng cấp không bao người tata chửi nhau trên mạng nhớ đi mày a chúng mày đau hết cả đầu đau hết cả sủ bố mày bố mày rối loạn tiền đình thì mất người chúng mày nhớ súng nhớ bố mày toàn bóng tay này đấy nhưng chúng mày nhớ mày am con mõm này môi ăn mõm mõm này bọc vào răng nhớ thôi để con vợ hãy rút nghiệm nhớ con vợ loát lại định mạch ào này hành trình vừa rồi đấy con vợ thiên ngâm lại con vợ định mạch ào ngu như con cu nó loát lại này mình làm mình nghĩ lại là mình làm được đúng chưa đúng con người mình chưa địt mẹ này ta rối nguyên con này này rối bằng sông này nhìn thế này đấy đấy địt mẹ mày nhớ nên các con vợ đuối nghiệp địt mẹẳng cấp nhé không phải làm thế đừng có mõm ăn môi này gãy hết cái răng này này còn không có mõm ăn môi này nhé các con vợ du thích nghiệm con vợ nghe được cái địt mạnh ảm cờ líp này nhé con vợ biết huyên cấu là ai nghe chưa đấy nhá tao chỉ có hai ông anh tao ở tỉnh bắc ninh và các anh em nào là anh tao của tỉnh khác nha thông cảm tao thế thôi còn tất cả các loại địt mày ăn gặp p tao nó đón hết nó bắt hết các loại giống mùa nghe chưa đấy con vợ con ngẫm đi địch mẹ ăn những mày gấu gì gấu như mày bố mày gấu nguyên con này này đấy.
audios/Cận cảnh hai nhóm thanh niên mang dao rựa chém nhau giữa đường.mp3,1,video này xuất hiện trên mạng xã hội chiều ngày tháng ghi lại cảnh hỗn chiến giữa hai nhóm thanh niên ngay giữa đường gần hai mươi thanh niên trên tay cầm dao rựa đứng dàn quần và thách thức nhau. trong lúc cãi vã và hăm hê sông bào chém nhau các thanh niên đã ném gạch đá tới tấp vào đối phương vụ đâm chém xảy ra sau đó đã buộc một băng nhóm phải tháo chạy theo tìm hiểu của phóng viên báo thanh niên vụ việc xảy ra sau đó đã buộc một băng nhễn thế dũng xác nhận có vụ việc trên trưởng công an xã vĩnh tân cho biết vụ việc xảy ra vào khoảng mười sáu giờ chiều ngày bảy tháng một năm hai ngàn mười bảy trên địa bàn ấp một thuộc xã này hiện các lực lượng chức năng đang tiến hành điều tra làm rõ vụ việc.
audios/Hãi hùng 2 nhóm người hỗn chiến lúc nửa đêm ở Đồng Nai.mp3,1,ngày sáu tháng sáu năm hai ngàn không trăm hai mươi hai trên mạng xã hội xuất hiện một đoạn phim ghi lại cảnh hỗn chiến giữa hai nhóm người theo nội dung đoạn phim vào lúc hơn hai mươi ba giờ ngày năm tháng sáu có một nhóm thanh niên đi trên nhiều xe máy kéo đến trước cổng một nhà dân các thanh niên này đã dùng đá ném vào trong dùng dao rửa chặt vào cổng nhà rồi bỏ đi lúc này phía trong nhà dân có hai người đàn ông trong đó có một người cầm theo hung khí cùng một người phụ nữ đi ra hai người đàn ông này đã lượm đá đuổi theo ném vào nhóm thanh niên đến gây hấn nhóm thanh niên gây hấn sau đó đã quay lại cầm hung khí lao vào chém nhau cuộc hỗn chiến diễn ra trong khoảng mười giây sau đó nhóm thanh niên gây hấn bỏ đi chiều sáu tháng sáu công an huyện xuân lộc tỉnh đồng nai xác nhận có vụ hỗn chiến xảy ra trên địa bàn xã xuân hòa hiện đội cảnh sát hình sự công an huyện xuân lộc đang phối hợp với công an xã xuân hoa điều tra làm rõ.đó là sự tấn công cho tội nghiệp thứ hai và đúng tên là đảng cộng.
audios/Khánh Sky Nhắc Nhẹ Dương Minh Tuyền Chuyện Xơii Huấn Hoa Hồng.mp3,1,đưa khánh lên làm huấn luyện viên thì bóng đá việt nam mới vươn tầm thế giới được nói chung là nếu mà nói về trình độ của khánh thắng cái ấy đưa bao nhiêu đội cầu đi juve tút rồi nào thì dư minh tuyền nào thì anh khá bảnh toàn sản xuất khẩu ra trời âu đã đá juến tốt thôi nên cứ yên tâm nhá khánh đăng khai lên đẳng cấp hơn cả chu suyê chu châu dê thế nhá hứa luôn là không những đưa các cầu thủ đi guôn cúp mà còn gọi là đi vê cắp xê luôn nha ông cấp trình độ của páng khánh đẳng cấp mà đơn giản đâu ấy nhở đây là việt nam vô địch luôn luôn trong tim thôi này ái vi tín nhở nói chung là mình là có lòng yêu nước phải không chứ cho ông chu xuê người pháp không ăn thua người pháp bao nhiêu năm tàn phá việt nam thế kỷ mười tám mười chín bây giờ đến thế kỷ hai mốt vẫn còn tàn phá việt nam hai mươi vẫn tàn phá việt nam chán nha không không cho người pháp được phải cho người việt huấn luyện viên người việt ok anh em nhé.
audios/Đâm chết người cùng làng do nghi ngờ vợ bồ bịch  Tin tức 24h  ANTV.mp3,1,do nghi ngờ anh nguyễn trưởng thọ có quan hệ tình cảm với vợ của mình cho nên trần phạm thái trú tại phường văn hải thành phố phan rang tháp tràn tỉnh ninh thuận đã dùng dao thái lan tấn công anh thọ dẫn đến tử vong vào chiều ngày hai mươi tư tháng ba sau khi nhậu với bạn tại nhà trần phạm thái đã mang theo con dao thái lan đến nơi làm của nguyễn trưởng thái tại khu phố hai phường văn hải tại đây thái đã dùng dao đâm nhiều nhát vào vùng ngực của anh thọ thấy thọ bỏ chạy thái đã đuổi theo để tiếp tục tấn công anh thọ rồi sau đó rời khỏi hiện trường mặc dù được người dân đưa đi cấp cứu nhưng do vết thương quá nặng nên anh thọ đã tử vong ngay sau đó phòng cảnh sát hình sự công an tỉnh ninh thuận đã hoàn tất hồ sơ khởi tố vụ án khởi tố bị can và ra lệnh bắt tạm giam đối với trần phạm thái về tội giết người.
audios/Khiếp đảm cảnh quái xế đua xe nẹt pô chát chúa ở Ngã ba Long Sơn.mp3,1,những tiếng động cơ gầm rú chát chúa thỉnh thoảng là những cú bốc đầu rồi lao đi như xé gió không giờ mười lăm phút ngày một tháng chín năm hai ngàn không trăm mười chín hàng trăm quái xế tụ tập trên quốc lộ năm mươi mốt đoạn qua ngã ba long sơn thuộc xã tân hải thị xã phú mỹ tỉnh bà rịa vũng tàu để biểu diễn đua xe trái phép trước đó từ hai mươi ba giờ ba mươi phút ngày ba mươi mốt tháng tám nhiều xế độ hướng từ huyện long thành tỉnh đồng nai và các huyện châu đức thành phố bà rịa thị xã phú mỹ tỉnh bà rịa vũng tàu đã được các nài đẩy nhau về gần khu vực ngã ba long sơn ém quân đợi giờ xuất phát trên đoạn đường biểu diễn gần năm trăm xế cho xe chạy với tốc độ hơn km h rồi quay đầu tiếp tục vòng đua mới màn so tài tốc độ bốc đầu xe kéo dài khoảng phút thì lực lượng cảnh sát giao thông công an tỉnh bà rịa vũng tàu xuất hiện khiến tất cả bỏ chạy tán loạt hơn hai mươi phút sau các quái xế lại tụ tập trước một cây xăng trên đường vội vải tóc tiên thì xã phú mỹ cách ngã ba long sơn hơn năm km tiếp tục đua tốc độ thông tin từ phòng cảnh sát giao thông công an tỉnh mỹ bình thường vũng tàu xác nhận vào rạng sáng ngày một tháng chín tại ngã ba long sơn có hàng trăm thanh niên các nơi đi xe máy đến tụ tập biểu diễn đua xe trái phép nhận được thông tin lực lượng tuần tra cảnh sát giao thông đã nhanh chóng đến khu vực này giải tán nháo thanh niên để cảm nhận nhịp thở xã hội đầy màu sắc trên màn hình của bạn.
audios/Người cộng sản Indonesia kể về cuộc chiến Việt Nam.mp3,0,tôi bắt đầu tình nguyện làm bác sĩ quân đội trong thời chiến tranh việt nam vào cuối năm một ngàn chín trăm sáu mươi sáu tôi làm việc trong một bệnh viện ở chiến trường tôi được huấn luyện chuyển bệnh nhân từ nơi này sang nơi khác nếu tôi nghe thấy tiếng tích tích có nghĩa là nơi này sẽ bị bom và chắc là có gián điệp trong vùng có khoảng một trăm đến hai trăm bệnh nhân được chuyển tới từ vùng chiến sự rất khó để chữa trị cho họ lúc đó không có đủ thuốc men dù là có viện trợ từ trung quốc người dân làng thì được yêu cầu nhận ít nhất một bệnh nhân về ở cùng và chúng tôi phải làm giường từ cỏ khô chúng tôi đào hố vệ sinh ngay dưới giường cho những bệnh nhân mất chân tay do chúng tôi ở miền bắc nên nước cũng thiếu điều kiện trở nên tồi tệ hơn khi mỹ bắt đầu ném bom bê năm hai trẻ con được dặn không nhặt những đồ trông có vẻ hấp dẫn như là đồ chơi nhằm tránh trở thành nạn nhân nhưng tôi từng thấy con trai của người phiên dịch cho chúng tôi nhặt một thứ đồ chơi và ném nó đi cậu bé chết rồi bị các mảnh vỡ găm vào người chúng tôi cũng được dặn không nghe không nhìn không nói chúng tôi không được phép trả lời người lạ không được phép nói về những gì chúng tôi biết hoặc nghe thấy chúng tôi rất nghèo và phải khó khăn lắm mới có thực phẩm cho chúng tôi cũng như cho bệnh nhân đồ ăn chính của chúng tôi là thân cây chuối khó khăn nhất với tôi lúc đó là chuẩn bị phẫu thuật cho bệnh nhân mà không đủ thuốc cây tê họ đã hét lên trong đau đớn và chúng tôi vẫn phải cố gắng cứu họ thế nên chúng tôi dùng tới thuốc truyền thống khi dịch viêm gan nổ ra tôi cũng bị lây tôi nhớ mình phải uống thuốc bắc và dùng quạt để giảm thân nhiệt năm một ngàn chín trăm bảy mươi hai chúng tôi nhận được lệnh từ bộ quốc phòng việt nam yêu cầu rời đi đặc biệt là những người có con nhỏ hai con gái tôi lúc đó mới sáu tháng và mười tám tháng khi chúng tôi sang trung quốc.
audios/50 người thương vong do tai nạn giao thông trong ngày đầu nghỉ Tết Dương lịch  Tin tức 24h mới nhất.mp3,0,vào chiều ngày hôm nay cùng cảnh sát giao thông bộ công an thông tin trong ngày nghỉ đầu tiên của tết dương lịch hai nghìn không trăm hai mươi tư toàn quốc đã xảy ra bốn mươi mốt vụ tai nạn giao thông làm chết mười người và bị thương bốn mươi người trong ngày nghỉ đầu tiên cảnh sát giao thông các địa phương đã kiểm tra phát hiện xử lý bảy nghìn ba trăm bảy mươi lăm trường hợp vi phạm phạt tiền trên mười bảy tỷ đồng tạm giữ hơn một trăm xe ô tô hơn hai nghìn bốn trăm xe mô tô sáu mươi bảy phương tiện khác tước trên một nghìn năm trăm giấy phép lái xe các loại ghi nhận về tình hình giao thông trong sáng đầu tiên của kỳ nghỉ lễ nhiều tuyến đường cửa ngõ của thành phố hà nội và thành phố hồ chí minh bị ùn tắc từ tám giờ trên nhiều tuyến đường của thành phố hà nội như giải phóng vành đai ba nguyễn xiển lượng phương tiện về các địa phương tăng đột biến còn tại các tuyến đường tại khu vực bến xe của hà nội và cửa ngõ phía nam đã xuất hiện tình trạng ùn ứ do lượng phương tiện giao thông đông hơn còn tại thành phố hồ chí minh giao thông tại tuyến cửa ngõ phía đông thành phố khu vực đường kết nối và được dẫn thành phố hồ chí minh long thành dầu giây vào sáng ngày hôm nay ùn ứ các phương tiện di chuyển chậm cụ thể là tuyến đường mai chí thọ thành phố thủ đức đoạn từ đường võ nguyên giáp đến giao lộ an phú đường dẫn cao tốc lượng phương tiện rất đông trên tuyến võ nguyên giáp lượng xe thông thoáng di chuyển dễ dàng để đảm bảo an toàn giao thông lực lượng cảnh sát giao thông đã bố trí lực lượng túc trực để phân luồng giao thông kịp thời giải tỏa khi xảy ra ùn tắc.................................................................................................thật.............thật lắm rồi bạn thật lắm rồi bạn thật lắm rồi bạn thật lắm rồi bạn thật lắm rồi bạn thật lắm rồi bạn thật lắm rồi bạn thật lắm rồi bạn thật lắm rồi bạn thật lắm rồi bạn thật lắm rồi bạn thật lắm rồi bạn thật lắm rồi bạn thật lắm rồi bạn thật lắm rồi bạn thật lắm rồi bạn thật lắm rồi bạn thật lắm rồi bạn thật lắm rồi bạn thật lắm rồi bạn thật lắm rồi bạn thật lắm rồi bạn thật lắm rồi bạn thật lắm rồi bạn thật lắm rồi bạn thật lắm rồi bạn thật lắm rồi bạn thật lắm rồi bạn thật lắm rồi bạn thật lắm rồi bạn thật lắm rồi bạn thật lắm rồi bạn thật lắm rồi bạn thật lắm rồi bạn thật lắm rồi bạn thật lắm rồi bạn thật lắm rồi bạn thật lắm rồi bạn thật lắm rồi bạn thật lắm rồi bạn thường kể kể kể kể kể kể kể kể kể kể kể kể kể kể kể kể kể kể kể kể kể kể k
audios/Ban Chấp hành Trung ương Đảng thông tin ông Võ Văn Thưởng thôi giữ các chức vụ  Tin nóng.mp3,0,xin kính chào quý vị đang theo dõi chương trình trên kênh youtube chính thức của báo điện tử vtcnews thưa quý vị ban chấp hành trung ương đảng vừa quyết định cho ông võ văn thưởng thôi giữ chức vụ ủy viên bộ chính trị ủy viên trung ương đảng chủ tịch nước cộng hòa xã hội chủ nghĩa việt nam theo thông cáo từ văn phòng trung ương đảng ngày hai mươi tháng ba ban chấp hành trung ương đảng khóa mười ba họp xem xét và cho ý kiến về nguyện vọng thôi giữ các chức vụ nghỉ công tác và nghỉ hưu của ông võ văn thường ủy viên bộ chính trị ủy viên ban chấp hành trung ương đảng khóa mười ba chủ tịch nước cộng hòa xã hội chủ nghĩa việt nam chủ tịch hội đồng quốc phòng an ninh nhiệm kỳ hai không hai mốt hai không hai sáu theo ban chấp hành trung ương ông võ văn thưởng là cán bộ lãnh đạo chủ chốt của đảng và nhà nước được đào tạo cơ bản trưởng thành từ cơ sở được phân công giữ nhiều chức vụ lãnh đạo quan trọng của đảng và nhà nước tuy nhiên vừa qua theo báo cáo của ủy ban kiểm tra trung ương và các cơ quan chức năng ông võ văn thưởng đã vi phạm quy định về những điều đảng viên không được làm quy định về trách nhiệm nêu gương của cán bộ đảng viên trước hết là ủy viên bộ chính trị ủy viên ban bí thư ủy viên ban chấp hành trung ương đảng và chịu trách nhiệm người đứng đầu theo các quy định của đảng và pháp luật của nhà nước những vi phạm khuyết điểm của ông võ văn thưởng đã gây dư luận xấu làm ảnh hưởng đến uy tín của đảng nhà nước và cá nhân nhận thức rõ trách nhiệm trước đảng nhà nước và nhân dân ông võ văn thưởng đã có đơn xin thôi giữ các chức vụ được phân công và nghỉ công tác căn cứ quy định hiện hành của đảng nhà nước và xem xét nguyện vọng của ông võ văn thường ban chấp hành trung ương đảng đồng ý để ông võ văn thường thôi giữ các chức vụ ủy viên bộ chính trị ủy viên ban chấp hành trung ương đảng khóa mười ba chủ tịch nước cộng hoà xã hội chủ nghĩa việt nam chủ tịch hội đồng quốc phòng an ninh nhiệm kỳ hai không hai mốt hai không hai sáu ban chấp hành trung ương đảng giáo bộ chính trị chỉ đạo các cơ quan liên quan triển khai thực tin mới nhất của truyền hình.
audios/Dự báo thời tiết hôm nay mới nhất ngày 233  Dự báo thời tiết 3 ngày tới.mp3,0,quý vị đang theo dõi bản tin dự báo thời tiết của truyền hình nhân dân thưa quý vị ở khu vực phía đông bắc bộ chịu ảnh hưởng của đới gió đông nam ẩm nên có mưa nhỏ mưa phùn và nhất là hiện tượng sương mù xuất hiện nhiều nơi hiện đang làm cho tầm nhìn xa bị giảm thấp tuy nhiên tình trạng này sẽ qua nhanh trong ngày hôm nay thì ở phía tây bắc bộ trời sẽ chuyển nắng về chiều và chiều nền nhiệt cao nhất trong ngày hôm nay ở khu vực phía tây dao động từ hai mươi tám đến ba mươi mốt độ có nơi trên ba mươi ba độ còn ở khu vực phía đông bắc bộ trưa và chiều nay trời cũng chuyển nắng nhẹ nên nhiệt cao nhất trong ngày hôm nay tăng lên mức từ hai mươi lăm đến hai mươi bảy độ tại trung bộ lúc này chỉ thanh hoá nghệ an là còn đang có mây nhiều có sương mù còn ở khu vực từ hà tĩnh trở vào đến bình thuận trời đã có nắng trong ngày hôm nay với sự phát triển và mở rộng của hoàn lưu vùng áp thấp phía tây cả mười bốn tỉnh thành phố miền trung đều không mưa nắng ráo nhiệt độ cao dao động từ ba mươi đến ba mươi ba độ trong đó ở các huyện vùng núi phía tây của khu vực từ nghệ an chở vào đến thừa thiên huế nơi chịu tác động của hiệu ứng gió phân yếu sẽ xảy ra nắng nóng với mức nhiệt cao từ ba mươi lăm đến ba mươi sáu độ ngày thứ bảy ở tây nguyên và nam bộ lúc này trời ít mây nắng sớm với thời tiết nắng sớm cường độ nắng lại mạnh thì ngày hôm nay sẽ vẫn là một ngày nhiệt độ tăng cao với tây nguyên nhiệt độ cao nhất trong ngày hôm nay sẽ ở mức từ ba mươi mốt đến ba mươi tư độ con ở khu vực nam bộ ngày hôm nay vẫn xảy ra nắng nóng diện rộng với mức nhiệt cao ba mươi lăm đến ba mươi bảy độ ở tất cả các tỉnh miền đông với khu vực miền tây thì nhiệt độ thấp hơn dao động từ ba mươi hai đến ba mươi lăm độ trên biển dưới tác động hút gió của vùng áp thấp phía tây trong ngày hôm nay ở khu vực vịnh bắc bộ gió nam đến đông nam mạnh ở mức cấp năm chiều và tối có lúc cấp sáu khu vực bắc và giữa biển đông vùng biển huyện đảo hoàng sa gió cũng chuyển hướng nam đến đông nam mạnh ở mức cấp bốn đến cấp năm trong khi ở khu vực phía nam của biển đông vùng biển huyện đảo trường sa gió đông bắc ở mức cấp bốn sau đây là dự báo thời tiết trong ba ngày tạing vương đình huệ đã thu tiết tâm rất thích ộ nguyễn vthất nhất nhé.các em hãy đặt tay trong phần này để................................................................................................................................................................................................................ường ngày càng đáng dĩnh càng đẹo dĩnh càng đẹo dĩnh càng đại hơi hơi hơi hơi hơi hơi hơi hơi hơi hơi hơi hơi hơi hơi hơi hơi hơi hơi hơi hơi hơi hơi hơi hơi hơi hơi hơi hơi hơi hơi hơi hơi hơi hơi hơi hơi hơi hơi hơi hơi hơi hơi hơi hơi hơi hơi hơi hơi hơi hơi hơi hơi hơi hơi hơi hơi hơi hơi hơi hơi hơi hơi hơi hơi hơi hơi hơi hơi hơi hơi hơi hơi hơi hơi hơi hơi hơi hơi hơi hơi hơi hơi hơi hơi hơi hơi hơi hơi hơi hơi hơi hơi hơi hơi hơi
audios/Nước biển ở Hà Tĩnh bất ngờ xuất hiện màu đỏ  VTV24.mp3,0,một vệt nước biển chuyển màu đỏ đục chảy dài khoảng ba ki lô mét vừa xuất hiện ở vùng ven biển huyện cẩm xuyên tỉnh hà tĩnh đến chiều qua thì hiện tượng nước biển có màu đỏ vẫn chưa thuyên giảm người dân không dám tắm biển hoặc đánh bắt gần bờ vì mỗi đợt sóng thì nước biển màu đỏ đậm lại xuất hiện nhiều hơn nhiều người cho biết nước biển đổi màu đỏ đậm là hiện tượng rất hiếm gặp hiện chưa xác định được nguyên nhân cụ thể theo nhận định có thể do tảo biển từ ngoài khơi cuốn vào bờ dẫn đến nước biển có màu đỏ đậm năm ngoái tại vùng biển thiên cầm huyện cầm xuyên cũng xuất hiện tình trạng nước biển đổi màu nguyên nhân do một loại tảo biển gây ra.
audios/Nguyên nhân nào khiến cây cầu Baltimore đổ sập nhanh  VTV24.mp3,0,chị giêm đang nghỉ giải lao sau ca trực đêm của mình khi chị cùng đồng nghiệp bỗng cảm thấy rung chấn vô cùng mạnh ban đầu chị cùng mọi người chỉ nghĩ rằng đây là do sét đánh tuy nhiên ngay khi được nghỉ giải lao chị đã không khỏi bàng hoàng khi thấy cây cầu gắn liền với tuổi thơ của mình đã bị phá hủy hoàn toàn tôi không biết phải diễn tả thế nào trước cảnh tượng đó bởi vì tôi đã sống cả đời ở đây luôn nhìn thấy cây cầu ở đó để rồi một ngày nó bỗng nhiên không còn nữa cho đến giờ nhiều người dân vẫn không tin vào tốc độ phá hủy của cây cầu khi chỉ chưa đầy mười giây cây cầu phan sít cót ki đã sập hoàn toàn sau khi bị một tàu hàng công te nờ đâm vào theo các chuyên gia đây là một thiết kế cầu vô cùng phổ biến tại các tuyến đường quốc lộ vùng bờ biển tại mỹ đặc biệt là vào thập niên bảy mươi rất nhiều chuyên gia đã dấy lên lo ngại về thiết kế của cây cầu khi những trụ cầu chỉ đủ giữ và nối các nhịp cầu nhưng chưa nghĩ đến phương án đề phòng khi có tai nạn từ các con tàu sim sim đối với tôi bản thân cấu trúc cây cầu không phải là vấn đề đơn giản là các trụ kết cấu của cầu pa ti mo không được thiết kế để chống lại một tác động lớn như vậy đây là một cây cầu kéo dài trên ba nhịp có hai trụ chính và không được chống đỡ ở hai đầu cầu vì vậy tất cả các kích cầu của cầu đều đóng vai trò quan trọng trong việc chịu tải khi bạn chỉ rút ra một hệ thống kết cấu thôi là phần còn lại của cây cầu sẽ bị phá hủy theo mặc dù đây là cách xây cầu giúp tiết kiệm chi phí và vật tư xây dựng nhưng nó đồng nghĩa với việc các cây cầu sẽ không thể có khả năng chống chịu lực tác động mạnh như tai nạn vừa rồi tính đến hiện tại chính quyền địa phương mỹ đã ngừng công tác cứu hộ và sáu công nhân được cho mất tích sau vụ tai nạn đã được cho là thiệt mạng ngoài ra tổng thống mỹ châu bai đừn cũng cam kết sẽ huy động mọi nguồn lực để khắc phục và xây lại cầu đồng thời mở lại cảng của bờ đông nước mỹ nhanh nhất có thể các chuyên gia trong ngành cũng hy vọng những dự án xây cầu trong tương lai sẽ rút kinh nghiệm từ tai nạn thảm khốc này và đưa ra những thiết kế hữu hiệu cho việc gia cố các trụ kết cấu của cầu.
audios/Tái diễn tình trạng làm giả biên lai chuyển tiền  VTV24.mp3,0,chuyển khoản thành công số tiền năm trăm nghìn đồng đây là nội dung trong biên lai chuyển khoản được nhân viên cẩn thận chụp lại thế nhưng chỉ khi đến cuối ngày chủ quán cùng nhân viên kiểm tra không thấy tiền về mới xác định đây là biên lai giả đối tượng thường lấy lý do chuyển khoản số tiền chẵn rồi nhận lại tiền mặt để thực hiện hành vi lừa đảo bọn em cũng chủ quan khách đông cũng không kể mà kiểm tra được ngay lúc đấy đến khi cuối cả có kiểm tra lại thì gần như là bị âm hút gọi là nó rất là thật mình không nhận ra được các bạn nhân viên cũng chủ quan chỉ có chụp ảnh lại và trong quá trình mà kiểm tra lại thì đến lúc đấy khách cũng đi rồi bán đồ ăn sáng đồ ăn vặt chiều mỗi ngày chị xuân có tới hơn ba trăm lượt khách trong đó hơn tám mươi phần trăm là chuyển khoản chị cho biết cũng từng gặp trường hợp điền lành giả cuối ngày chị mất nhiều thời gian để thống kê tiền bán em sẽ mất đến tầm hai đến ba tiếng để kiểm tra những số tiền và số thảnh khoản của em lần mà khách chuyển khoản thường thường thì em bận em chưa ấy về thì cái lượng khách đấy thì em sẽ nhớ và khi ấy không về thì em cũng lo và suy nghĩ nhưng mà không biết làm thế nào được ạ việc kiểm tra liên tục tài khoản số dư không dễ khi đông khách khi khách thanh toán nhân viên phải chụp lại màn hình chờ xác nhận nhiều khi cũng gây bất tiện vì không phản hồi được ngay nhiều bạn trẻ cũng lo ngại về việc lộ thông tin cá nhân khi bị chụp lại màn hình khi mà chụp lại màn hình như thế nhiều khi là những cái tin nhắn riêng tư của mình ví dụ đang nhắn tin với người yêu các thứ chẳng hạn thì nó hiện ra thì nó cũng hơi hơi mất đi cái sự cá nhân ý mất thời gian em đứng chờ nhân viên phải gọi cho sủ trách là xem là đã nhận được thanh toán này hay là chưa theo cảnh báo của các chuyên gia công nghệ hiện có những website có thể tạo biên lai chuyển tiền giả mạo giống thật đến gần một trăm phần trăm các chủ cửa hàng vẫn cần chắc chắn tiền đã về tài khoản khi giao dịch cái việc tạo ra cái ảnh ấy là không hề khó về mặt kỹ thuật và nó có thể làm giống một trăm phần trăm các cái ảnh chụp màn hình của điện thoại và đấy là lý do vì sao mà chúng ta có thể dễ dàng bị lừa chủ hàng có thể kiểm tra bằng các ứng dụng trên điện thoại bằng phần mềm trên goép hay là thậm chí là gần đây chúng tôi có cung cấp cái giải pháp là loa thông báo giao dịch thêm vào đấy nữa thì chủ cửa hàng hoàn toàn có thể là phân quyền cho thu ngân tự kiểm tra được giao dịch thì việc này là rất là tiện lợi khi cho chủ cửa hàng có thể yên tâm quản lý được shop từ xa thanh toán không dùng tiền mặt ngày càng đơn giản tiện lợi nhưng có lẽ vẫn cần hơn nữa sự vào cuộc của các bên liên quan với các giải pháp kiểm soát giao dịch sát với nhu cầu thực tế của người dùng dù vậy trước hết các chủ kinh doanh vẫn cần cẩn trọng trước những hình thức làm giả biên lai chuyển tiền và những kịch bản lừa đảo ngày càng tinh vi hơn.
audios/Ý kiến về quản lý giờ làm thêm của sinh viên  VTV24.mp3,0,dành hầu hết thời gian rảnh để đi làm thêm tại quán cà phê chị vương thị yêu rất băn khoăn khi nghe được thông tin về quản lý giờ làm thêm của sinh viên đặc biệt là giới hạn về thời gian không quá hai mươi giờ một tuần có thể là bị cắt đi thời gian làm việc nên là cái tiền sinh hoạt sẽ bị giảm bớt tiền thu nhập bị giảm bớt nên là cũng hơi khó khăn một chút ở đây nhân viên đa số là sinh viên là thời gian đi làm chủ yếu là thời gian rảnh mà bị cắt như vậy thì khá là ảnh hưởng việc triển khai các giải pháp quản lý giờ làm thêm gây nên những thắc mắc khi nhiều sinh viên muốn làm thêm thời gian để kiếm thêm thu nhập mình học thì mình đã sắp xếp việc học rồi thì khoảng thời gian rảnh của mình nó sẽ khá là nhiều nó nhiều hơn cả hai mươi giờ một tuần nữa cơ nếu mà làm hai mươi giờ một tuần thì nó sẽ ít hơn cái số giờ mà mình đang làm hiện tại và nó sẽ ảnh hưởng đến cái thu nhập cá nhân của mình và tất nhiên là ba mẹ mình cũng sẽ phải gửi thêm một khoản nữa để chi tiêu hoàn hảo nhiều sinh viên cho rằng dự thảo nếu áp dụng sẽ ảnh hưởng rất nhiều đến các bạn học sinh sinh viên có hoàn cảnh khó khăn vì việc đi làm thêm là điều vô cùng cần thiết chủ yếu là sống bằng tiền đi làm thêm tiền sinh hoạt các kiểu là đều bằng tiền đi làm thêm đối với những bạn mà có hoàn cảnh khó khăn hơn một chút mà mấy bạn cần phải làm nhiều hơn để trang trải cuộc sống thì mình nghĩ nó khá là khó khăn đối với bạn đấy trong nội dung dự thảo đề xuất giao quyền cho các cơ sở giáo dục có trách nhiệm quản lý học sinh sinh viên làm việc bán thời gian vì những lo ngại ảnh hưởng đến kết quả học tập do vậy các ý kiến đóng góp cũng đề xuất cho rằng có thể kết hợp để triển khai các giải pháp thực tế số sinh viên làm thêm phải nói thực sự là chiếm một tỷ trọng khá cao nhu cầu làm việc của sinh viên có nhiều trường ở mức độ tới tám mươi chín mươi phần trăm cho nên vấn đề mà chúng ta cần phải cụ thể quá về mặt luật pháp trong vấn đề làm thêm cho sinh viên học sinh là một nguồn nhân lực hết sức quan trọng của quốc gia để đảm bảo làm sao vừa có sức khoẻ lâu dài vừa có điều kiện để các em học tập và đồng thời các em vẫn có thể dấn thân trải nghiệm việc học và làm đều có ý nghĩa quan trọng để sinh viên vừa đáp ứng kiến thức vừa có kinh nghiệm thực tế do vậy cân đối thời gian phù hợp và tăng tính chủ động là điều mà sinh viên mong mỏi để khi áp dụng quy định thì có thể đảm bảo việc học và đảm bảo cuộc sống.
audios/Trung Quốc đóng cửa hơn 20 nghìn trường mẫu giáo vì không có học sinh  VTV24.mp3,0,số liệu từ bộ giáo dục đào tạo trung quốc năm hai ngàn không trăm hai mươi ba trung quốc chỉ còn hai trăm bảy mươi bốn ngàn bốn trăm trường mẫu giáo ít hơn hai mươi ngàn bốn trăm trường so với năm hai ngàn không trăm hai mươi mốt nguyên nhân chính khiến trường học đóng cửa là tỷ lệ sinh giảm năm ngoái chỉ có chín triệu trẻ sơ sinh ra đời thấp hơn một triệu sáu trăm ngàn trẻ của năm hai ngàn không trăm hai mươi mốt số trường đóng cửa nhiều nhất là ở khu vực nông thôn khu vực có dân cư di cư ra thành phố nhiều các chuyên gia dự báo đến năm hai ngàn không trăm ba mươi lăm trung quốc giảm đến một trăm bốn mươi bốn ngàn trường mẫu giáo nhà trẻ so với năm hai ngàn số trẻ sinh ra giảm từng năm sẽ tiếp tục ảnh hưởng đến các cấp học khác các trường cao đẳng đại học trường nghề trường tư thục ở tốp bình thường sẽ khó tuyển sinh đủ số học sinh sinh viên trong tương lai hầu hết các trường đóng cửa là do tư nhân quản lý không đủ học sinh do chưa đạt chuẩn gần đây trung quốc cũng tăng cường xây nhà trẻ công lập nhà trẻ phi lợi nhuận để khuyến khích người trẻ sinh con áp lực học phí và tiền trường mẫu giáo cho con đi học đã bớt nặng nề hơn tại phần lớn các thành phố lớn khi chính phủ trung quốc đã hỗ trợ một phần kinh phí cho bậc học mầm non trường mẫu giáo đóng cửa tăng cũng kéo theo nhiều giáo viên nghỉ việc theo các chuyên gia hơn mười năm tới trung quốc sẽ thừa gần một triệu chín trăm ngàn giáo viên tiểu học và trung học với đà giảm dân số như hiện nay thái bình phóng viên thường trú đài truyền hình việt nam tại trung quốc.......
audios/Hạ viện Thái Lan bật đèn xanh với hôn nhân đồng giới  VTV24.mp3,0,dự luật hôn nhân đồng giới được tổng hợp từ bốn dự luật riêng biệt từng được đề xuất trước đó dự luật đã nhận được sự ủng hộ của tất cả các đảng chính trị lớn ở thái lan và được bốn trăm trên tổng số bốn trăm mười năm nghị sĩ tham gia bỏ phiếu tán thành đánh dấu một bước quan trọng trong nỗ lực củng cố vị thế của thái lan là một trong những xã hội tự do nhất châu á về các vấn đề đồng tính theo đó những người đồng giới đủ mười tám tuổi trở lên đi đăng ký kết hôn sẽ được công nhận là vợ chồng và có các quyền tương tự như các cặp vợ chồng khác giới bao gồm quyền thừa kế quyền nhận con nuôi và các quyền lợi an sinh xã hội ủy ban quốc hội phụ trách dự thảo luật khẳng định dự luật sẽ giúp giảm bớt sự chênh lệch trong xã hội và mở đường cho sự bình đẳng trong xã hội thái lan hiện dự luật hôn nhân đồng giới vẫn cần có sự chấp thuận của thượng viện và sự phê chuẩn của nhà vua dự luật sẽ có hiệu lực trong vòng một trăm hai mươi ngày kể từ ngày hoàng gia phê chuẩn đưa thái lan trở thành quốc gia vùng lãnh thổ thứ ba tại châu á và đầu tiên tại đông nam á hợp pháp hoá hôn nhân rộng giới.
audios/Quân chủng Phòng không - Không quân diễn tập bắn ném bom đạn thật  VTV24.mp3,0,xung bay biên hòa đồng nai trung đoàn không quân chín ba năm thuộc sư đoàn không quân ba bảy không đã sử dụng máy bay su ba mươi bắn đạn thật và ném bom máy bay su ba mươi mk hai là phương tiện huấn luyện và phục vụ chiến đấu hiện đại nhất của không quân việt nam và cả khu vực đông nam á hiện nay vũ khí trang bị trên máy bay cũng thuộc loại tối từng nhất đối với đợt bắn ném lần này có sử dụng một số loại bom mới thì trước đó đối với ngành kỹ thuật hàng không trong đó có ngành vũ khí hàng không đã tiến hành tổ chức lên lớp huấn luyện cho đối tượng là phi công cũng như lực lượng kỹ thuật nhân viên kỹ thuật cán bộ nhân viên kỹ thuật để có thể tiếp thu và có thể sử dụng thành thạo trên lý thuyết máy bay súp bờ mười có thể hoạt động trong mọi điều kiện thời tiết tuy nhiên để cuộc diễn tập diễn ra an toàn trúng mục tiêu ngay từ tờ mờ sáng một máy bay trinh sát đã cất cánh làm nhiệm vụ quan trắc khí tượng như đo tốc độ gió nhận định diễn biến thời tiết ở các khẩu chuẩn bị đều phối hợp tốt nên tất cả phi công của trung đoàn ba bảy mười đều thực hiện bắn đạn thật và ném bom đạt kết quả ngoài sự mong đợi công tác hiệp đồng công tác bảo đảm đặc biệt đối với những phi công và những máy bay mà sử dụng loại vũ khí lần đầu tiên chúng ta đưa vào sử dụng tất cả các chuyến đều bom rơi đạn nổ an toàn đấy là cái thành công nhất của chúng tôi ngày hôm nay trong đợt diễn tập này có năm trung đoàn không quân ở khu vực phía bắc và phía nam cùng hợp đồng tái chiến.
audios/Nga đang hoàn tất quá trình tái hiện vụ tấn công khủng bố ở Crocus  VTV24.mp3,0,tại hiện trường cô rô cốt hơn một nghìn người vẫn luôn có mặt trong những ngày qua đó là lực lượng cứu hộ các đội thợ hàn các chuyên gia huấn luyện chó nghiệp vụ và cả hàng trăm thiết bị tất cả đều dồn nỗ lực tìm kiếm tháo dỡ từng mét vuông để đảm bảo không còn ai sót lại trong đống đổ nát phòng hòa nhà crocus đã bị thiêu rụi hoàn toàn sau khi bị những kẻ khủng bố tấn công và phóng hỏa trong đêm hai hai tháng ba các cấu trúc kim loại thậm chí cũng tan chảy do nhiệt độ quá cao theo thống đốc khu vực mát cúp a ông a đê va ri ôp gần một nghìn mét khối công trình xây dựng bị sập đã được tháo dỡ và di dời khỏi hiện trường vụ thảm kịch theo số liệu từ ủy ban điều tra nga đến thời điểm này có một trăm ba chín người đã thiệt mạng hơn một trăm tám mươi người bị thương trong vụ tấn công khủng bố ở cờ rô cút danh tính của nhiều người đến nay vẫn chưa được xác định ngay sau vụ tấn công khủng bố cơ quan an ninh liên bang nga đã bắt giữ mười một nghi phạm trong đó có bốn nghi phạm khủng bố chính có ít nhất tám nghi phạm đã bị giam giữ và sẽ được đưa ra xét xử trong hai tháng tới hiện nga đang hoàn tất tái hiện quá trình vụ khủng bố xảy ra ở croatia và truy tìm kẻ chủ mưu đứng đằng sau vụ tấn công này.
audios/Nga sửa đổi luật liên quan đến người nước ngoài sau vụ khủng bố - VNews.mp3,0,sau vụ khủng bố đẫm máu cuối tuần qua ở ngoại ô thủ đô moscow làm ít nhất một trăm ba chín người thiệt mạng bộ lao động nga đã soạn thảo một dự luật siết chặt điều kiện lưu trú của người nước ngoài dự luật này đã được ủy ban chuyên ngành của đu ma quốc gia tức hạ viện nga ủng hộ nội dung chính của luật mới là giảm thời hạn ký hợp đồng lao động với người nước ngoài xuống còn hai năm và người lao động sẽ phải rời nga đúng hạn khi hợp đồng kết thúc trong trường hợp chủ sử dụng lao động vẫn còn nhu cầu họ sẽ phải tìm lao động thông qua cơ chế tuyển dụng dự kiến sẽ có một công ty luật được thành lập để giám sát việc lưu trú của người nước ngoài tại nga tuy nhiên những doanh nghiệp tại nga không hài lòng với luật mới này vì thời hạn hợp đồng hai năm là quá ngắn đối với các dự án lớn trong khi nga lại đang rất thiếu lao động hiện các lao động nhập cư tại nga đến từ nhiều quốc gia trong đó có tới chín mươi phần trăm là từ các nước trung á vụ tấn công tại nga vừa qua cũng đang đặt ra mối đe doạ lớn đối với an ninh của nhiều nước châu âu khác trong đó có đức bộ nội vụ đức hôm qua cho biết có kế hoạch tăng cường kiểm soát tạm thời biên giới với các nước láng giềng nhằm đảm bảo an toàn cho giải vô địch bóng đá châu âu hai nghìn không trăm hai tư chính phủ đức khẳng định đã triển khai nhiều biện pháp phòng ngừa và tiến hành đánh giá tình hình an ninh hằng ngày.
audios/Gạo lai thịt bò - Ăn một bát cơm là đủ chất dinh dưỡng  VTV24.mp3,0,các nhà nghiên cứu gọi đây là phát minh cho phép chỉ ăn một bát cơm mà đã có chất dinh dưỡng cơ bản bởi việc bổ sung thêm tế bào từ thịt có thể làm tăng thêm hàm lượng dinh dưỡng có trong gạo loại lương thực vốn đã rất phổ biến để làm được điều này họ đã phủ gạo bằng giê la tin từ cá để giúp các tế b bào thịt bám vào gạo tốt hơn sau đó họ đưa tế bào gốc mỡ và cơ thịt bò vào hạt gạo để nuôi cấy trong phòng thí nghiệm sau khoảng chín đến mười một ngày gạo lai thịt bò ra đời thành phẩm sau khi hấp gạo lên là cơm thịt bò có kết cấu cứng và giòn hơn so với độ mềm dẻo của hạt gạo thông thường kèm vị bùi nhẹ của thịt gạo thịt bò chứa khoảng tám phần trăm protein và bảy phần trăm chất béo cao hơn so với gạo thông thường trong đó mười tám phần trăm protein có nguồn gốc từ động vật nên đây sẽ là nguồn cung cấp dồi dào các axit amin thiết yếu trong tương lai phát minh có thể đóng vai trò như một nguồn protein bền vững đặc biệt ở những nơi chăn nuôi gia súc truyền thống không khả thi theo nhóm nghiên cứu này gạo có lợi thế về mặt an toàn thực phẩm so với đa số các loại hạt do lượng người bị dị ứng với gạo ít phổ biến hơn nếu được thương mại hóa loại gạo mới sẽ có giá dễ chịu hơn với túi tiền của người tiêu dùng khi giá thành chỉ hơn hai đô la mỹ một ki lô gam trong khi thịt bò có giá khoảng mười lăm đô la mỹ tuy nhiên phát minh này vẫn sẽ cần phải đủ thuyết phục với người tiêu dùng về hương vị và kết cấu sản phẩm gạo lai thịt bò là một ý tưởng sáng tạo nhưng thực lòng mà nói tôi khá nghi ngại về việc nó có thể có vị mọng nước và kết cấu của thịt bò thật quá trình sản xuất gạo này thải ra lượng khí các bon thấp hơn tới tám lần so với phương pháp chăn nuôi bò lấy thịt truyền thống đặc biệt là đối với những loài động vật tiêu thụ nhiều tài nguyên nước và thải ra nhiều khí nhạc kính nhóm nghiên cứu hy vọng loại gạo lai này có thể được tung ra dưới dạng ăn liền tiện lợi hoặc được sử dụng như thực phẩm cứu trợ thức ăn cho quân đội hay bữa ăn cho các nhà du hành vũ trụ trước hàn quốc xi ga po cũng đã đưa ra thị trường sản phẩm thịt nhân tạo là thịt gà và cá trình được nuôi cấy từ đậu nành.
audios/giang hồ đầu cắt moi chửi nhau trên livestream.mp3,1, em à em ở đâu em em cái đít con mẹ mày sinh năm bao nhiêu mày sinh năm bao nhiêu mày ở đâu mày thích nổi tiếng à mày thích nổi tiếng không mẹ mời mãi lên ôi dồi ôi đứa mày vàng vàng quá nhiều nhờ vàng vàng mày to nhờ bố mày sợ mày quá bố mày sợ mày quá bố mày sợ mày quá địt mẹ mày luôn đấy địt mẹ mày cái thằng đầu cắt moi này cho bố cái gì địt mẹ mày nói ít thôi vãi lồ luôn đầu cắt moi địt mẹ mày không phải làm gì mặt mày bị cáu địt mẹ mày luôn ý bố mày địt mẹ mày luôn ý sao sao các thác bác mày cho bố địa chỉ thôi kết bạn với tao kết bạn với tao này bố mày đầu môi đây này bố mày đầu môi đây này nhưng mà địt mẹ mày nhớ các bố mày ngoài sao nhớ các bố mày ngoài sao nhớ mà đứng trước mặt bố mày mà nói đâu đấy nhớ mẹ à xác định cho mẹ mày luôn úi ui ui kinh bái lồi kinh bái lồi mày đeo vào mày đeo vào mày về cho bố mẹ mày nghe mày nghe địt con mẹ mày đeo vào mày lên đây mày thể hiện cho bố mày à địt mẹ mày luôn nghe nhé cái loại mày ý ui giời eo vì mẹ mà cày eo vì chất vá lôi luôn toàn cắt loài con bố mày nói nghe không mời tin áo eo bị đầu cắt loài bố mày không đủ tuổi đẳng cấp gì cả hai trăm linh năm người đang xem cuộc ca sĩ này của của ai của ai đồ nha mày cho bố mày địa chỉ xem nào đúng là đi bên áo mà có tác hoài áo louis vieton sao mày nhìn thấy bố mày rẻ rách à mày nhìn thấy bố mày không đeo vàng à mày nhìn ấy bố này không tao chưa bảo mày rẻ rách mày cứ nói mày rẻ mày dám xấu à mày thả lanh hả mày đi nghỉ mẹ mày đi nặng mày cứ nói mày rẻ nặng nè mày là thằng trẻ lạnh không bao giờ là thằng trẻ rách ô kê chưa không bao giờ là thằng thằng trách đợi tao xỉa răng cho tao nói chuyện thìa đau đủ quá bố mày ơi lãng phí thời gian để nói chuyện với mày đấy đợi tao xỉa răng đi bậy à mày lãng phí thời gian khi nói chuyện với mặt mày đấy mày gọi tất cả thằng bạn này cho nào mày gọi tất thằng bạn này cho tao nói chuyện với mặt mày đấy ngồi tất cả thằng bạn ra đây sao mày ngồi tất thằng bạn ra đây cho tôi chơi thì sao vậy muộn rồi tôi đùa bạn đi thôi mẹ tôi hôn bạn để tôi kinh bản mãi luôn bạn đúng thanh hoa mà đếm bố mày thanh hoa mà bố nổi đưa chỉ cho mày á khu giathầy hoàng tương tánh bà vũ đoan con mẹ mày nghe rõ chưa.................................................................................................................................... sáng sáng sáng sáng sáng sáng sáng sáng sáng sáng sáng sáng sáng sáng sáng sáng sáng sáng sáng sáng sáng sáng sáng sáng sáng sáng sáng sáng sáng sáng sáng sáng sáng s hơi hơi hơi hơi hơi hơi hơi hơi hơi hơi hơi hơi hơi hơi hơi hơi hơi hơi hơi hơi hơi hơi hơi hơi hơi hơi hơi hơi hơi hơi hơi hơi hơi hơi hơi hơi hơi hơi hơi hơi hơi hơi hơi hơi hơi hơi hơi hơi hơi hơi hơi hơi hơi hơi hơi hơi hơi hơi hơi hơi hơi hơi hơi hơi hơi hơi hơi hơi hơi hơi hơi hơi hơi hơi hơi hơi hơi hơi hơi hơi hơi hơi hơi hơi hơi hơi hơi hơi hơi hơi hơi hơi hơi hơi hơi hơi hơi hơi hơi hơi hơi hơi hơi hơi hơi hơi hơi hơi hơi hơi hơi hơi hơi hơi hơi hơi hơi hơi hơi hơi hơi hơi hơi hơi h
audios/Đốt xe máy Khá Bảnh sẽ bị xử lý như thế nào.mp3,1,trong đoàn clip được chia sẻ khá bảnh và một số người khác đã đập nát chiếc xe honda pcx không thương tiếc lý do được khá bảnh đưa ra cho hành động này là bởi nó đắt tiền nhưng chạy hao xăng quan trọng là đập con xe này để thay để được đổi một chiếc xe điện khá bảnh còn khoe trong clip này với giấy tờ đăng ký xe cho khẳng định là xe sở hữu của mình được mua với giá là bảy mươi triệu đồng cuối đoạn video được chia sẻ có một ô tô chở một chiếc xe máy điện đến giao cho khá đoạn clip sau khi được lan truyền một lần nữa khiến dư luận dậy sóng thậm chí nhiều người còn đề nghị tẩy chai pết hay là youtube của nam thanh niên này nhiều ý kiến cho rằng với hành động này khá bảnh rất có thể vẫn sẽ bị phạt trước tiên là vì hành vi không đội mũ bảo hiểm khi đi xe máy và thêm nữa hành động tự ý đốt xe của khá bảnh có thể xem là hành vi xâm hại đến trật tự công cộng và bị xử phạt hành chính theo quy định tại nghị định một sáu bảy với mức phạt là từ một triệu đồng cho tới mười triệu đồng. tiền từ một triệu đồng cho tới mười triệu đồng..................................................................................................thật rồi đấy lắm rồi đấy lắm rồi đấy lắm rồi đấy lắm rồi đấy lắm rồi đấy lắm rồi đấy lắm rồi đấy lắm rồi đấy lắm rồi đấy lắm rồi đấy lắm rồi đấy lắm rồi đấy lắm rồi đấy lắm rồi đấy lắm rồi đấy lắm rồi đấy lắm rồi đấy lắm rồi đấy lắm rồi đấy lắm rồi đấy lắm rồi đấy lắm rồi đấy lắm rồi đấy lắm rồi đấy lắm rồi đấy lắm rồi đấy lắm rồi đấy lắm rồi đấy lắm rồi đấy lắm rồi đấy lắm rồi đấy lắm rồi đấy lắm rồi đấy lắm rồi đấy lắm rồi đấy lắm rồi đấy lắm rồi đấy lắm rồi đáng là đáng là đáng là đáng là đáng là đáng là đáng là đáng là đáng là đáng là đáng là đáng là đáng là đáng là đáng là đáng là đáng là đáng là đáng là đáng là đáng là đáng là đáng là đáng là đáng là đáng là đáng là đáng là đáng là đáng là đáng là đáng là đáng là đáng là đáng là đáng là đáng là đáng là đáng là đáng là hải không đáng là hảnhăn hay hảnhỡ hay hảnh hay h
